timestamp,name,distance,image,result
20250610_220914,Test1,0.4363,match_Test1_20250610_220914.jpg,Match
20250610_220916,Test1,0.4137,match_Test1_20250610_220916.jpg,Match
20250610_220918,Test1,0.4103,match_Test1_20250610_220918.jpg,Match
20250610_220920,Unknown,N/A,N/A,Unknown
20250610_220922,Test1,0.387,match_Test1_20250610_220922.jpg,Match
20250610_220924,Test1,0.3647,match_Test1_20250610_220924.jpg,Match
20250610_220926,Test1,0.38,match_Test1_20250610_220926.jpg,Match
20250610_220928,Test1,0.3793,match_Test1_20250610_220928.jpg,Match
20250610_220930,Unknown,N/A,N/A,Unknown
20250610_220932,Test1,0.2756,match_Test1_20250610_220932.jpg,Match
20250610_220934,Unknown,N/A,N/A,Unknown
20250610_220935,Test1,0.4388,match_Test1_20250610_220935.jpg,Match
20250610_220937,Test1,0.3045,match_Test1_20250610_220937.jpg,Match
20250610_220940,Test1,0.4408,match_Test1_20250610_220940.jpg,Match
20250610_220942,Test1,0.3744,match_Test1_20250610_220942.jpg,Match
20250610_220945,Unknown,N/A,N/A,Unknown
20250610_220946,Test1,0.2621,match_Test1_20250610_220946.jpg,Match
20250610_220949,Unknown,N/A,N/A,Unknown
20250610_220951,Test1,0.2685,match_Test1_20250610_220951.jpg,Match
20250610_220953,Test1,0.301,match_Test1_20250610_220953.jpg,Match
20250610_221035,Unknown,N/A,N/A,Unknown
20250610_221037,Test1,0.3927,match_Test1_20250610_221037.jpg,Match
20250610_221039,Test1,0.3183,match_Test1_20250610_221039.jpg,Match
20250610_221042,Test1,0.3149,match_Test1_20250610_221042.jpg,Match
20250610_221044,Test1,0.3093,match_Test1_20250610_221044.jpg,Match
20250610_221047,Test1,0.3094,match_Test1_20250610_221047.jpg,Match
20250610_221049,Test1,0.3143,match_Test1_20250610_221049.jpg,Match
20250610_221127,Test1,0.4071,match_Test1_20250610_221127.jpg,Match
20250610_221130,Test1,0.3299,match_Test1_20250610_221130.jpg,Match
20250610_221132,Test1,0.3718,match_Test1_20250610_221132.jpg,Match
20250610_221135,Test1,0.3065,match_Test1_20250610_221135.jpg,Match
20250610_221137,Test1,0.425,match_Test1_20250610_221137.jpg,Match
20250610_221139,Unknown,N/A,N/A,Unknown
20250610_221141,Unknown,N/A,N/A,Unknown
20250610_221143,Unknown,N/A,N/A,Unknown
20250610_221145,Test1,0.3452,match_Test1_20250610_221145.jpg,Match
20250610_221147,Unknown,N/A,N/A,Unknown
20250610_221149,Test1,0.4235,match_Test1_20250610_221149.jpg,Match
20250610_221150,Unknown,N/A,N/A,Unknown
20250610_221152,Test1,0.4153,match_Test1_20250610_221152.jpg,Match
20250610_221154,Test1,0.4041,match_Test1_20250610_221154.jpg,Match
20250610_221156,Test1,0.3307,match_Test1_20250610_221156.jpg,Match
20250610_222110,Test1,0.4308,match_Test1_20250610_222110.jpg,Match
20250610_222112,Test1,0.4386,match_Test1_20250610_222112.jpg,Match
20250610_222113,Unknown,N/A,N/A,Unknown
20250610_222141,Unknown,N/A,N/A,Unknown
20250610_222143,Unknown,N/A,N/A,Unknown
20250610_222145,Unknown,N/A,N/A,Unknown
20250610_222147,Unknown,N/A,N/A,Unknown
20250610_222200,Unknown,N/A,N/A,Unknown
20250610_222216,Unknown,N/A,N/A,Unknown
20250610_222217,Unknown,N/A,N/A,Unknown
20250610_222219,Unknown,N/A,N/A,Unknown
20250610_222220,Unknown,N/A,N/A,Unknown
20250610_222229,Unknown,N/A,N/A,Unknown
20250610_222230,Unknown,N/A,N/A,Unknown
20250610_222232,Unknown,N/A,N/A,Unknown
20250610_222233,Unknown,N/A,N/A,Unknown
20250610_222235,Unknown,N/A,N/A,Unknown
20250610_222241,Unknown,N/A,N/A,Unknown
20250610_222243,Test1,0.4167,match_Test1_20250610_222243.jpg,Match
20250610_222245,Unknown,N/A,N/A,Unknown
20250610_222246,Test1,0.4339,match_Test1_20250610_222246.jpg,Match
20250610_222248,Test1,0.4491,match_Test1_20250610_222248.jpg,Match
20250610_222249,Test1,0.4292,match_Test1_20250610_222249.jpg,Match
20250610_222856,Unknown,N/A,N/A,Unknown
20250610_222858,Unknown,N/A,N/A,Unknown
20250610_222859,Unknown,N/A,N/A,Unknown
20250610_222901,Unknown,N/A,N/A,Unknown
20250610_222904,Test1,0.4179,match_Test1_20250610_222904.jpg,Match
20250610_222904,Unknown,N/A,N/A,Unknown
20250610_222906,Unknown,N/A,N/A,Unknown
20250610_222906,Test1,0.3592,match_Test1_20250610_222906.jpg,Match
20250610_222909,Unknown,N/A,N/A,Unknown
20250610_222909,Unknown,N/A,N/A,Unknown
20250610_222911,Unknown,N/A,N/A,Unknown
